[
  {
    "project": { "$oid": "64bfc0100000000000000007" },
    "submittedBy": { "$oid": "64bfc0010000000000000001" },
    "submittedAt": { "$date": "2025-06-30T10:00:00Z" },
    "late": false
  },
  {
    "project": { "$oid": "64bfc0100000000000000007" },
    "submittedBy": { "$oid": "64bfc0010000000000000001" },
    "submittedAt": { "$date": "2025-07-01T08:00:00Z" },
    "late": false
  },
  {
    "project": { "$oid": "64bfc0100000000000000008" },
    "submittedBy": { "$oid": "64bfc0010000000000000004" },
    "submittedAt": { "$date": "2025-07-10T16:00:00Z" },
    "late": false
  },
  {
    "project": { "$oid": "64bfc0100000000000000009" },
    "submittedBy": { "$oid": "64bfc0010000000000000001" },
    "submittedAt": { "$date": "2025-07-12T11:00:00Z" },
    "late": false
  },
  {
    "project": { "$oid": "64bfc0100000000000000010" },
    "submittedBy": { "$oid": "64bfc0010000000000000001" },
    "submittedAt": { "$date": "2025-06-18T14:00:00Z" },
    "late": false
  },
  {
    "project": { "$oid": "64bfc0100000000000000010" },
    "submittedBy": { "$oid": "64bfc0010000000000000001" },
    "submittedAt": { "$date": "2025-06-19T22:00:00Z" },
    "late": false
  }
]
